id,first_name,last_name,username,email,avatar,gender,DOB,address
8065,Tamatha,Hudson,tamatha.hudson,tamatha.hudson@email.com,https://robohash.org/quoliberoillum.png?size=300x300&set=set1,Genderqueer,"{'city': 'West Kraigbury', 'street_name': 'Wehner Ports', 'country': 'United States'}"
5009,Milda,Vandervort,milda.vandervort,milda.vandervort@email.com,https://robohash.org/omnisrerumqui.png?size=300x300&set=set1,Female,"{'city': 'Greenfelderbury', 'street_name': 'Buckridge Forest', 'country': 'United States'}"
1585,Isaura,Luettgen,isaura.luettgen,isaura.luettgen@email.com,https://robohash.org/porrolaborumsapiente.png?size=300x300&set=set1,Male,"{'city': 'New Michael', 'street_name': 'Yost Station', 'country': 'United States'}"
5387,Ivan,Paucek,ivan.paucek,ivan.paucek@email.com,https://robohash.org/undeearumnatus.png?size=300x300&set=set1,Bigender,"{'city': 'West Benito', 'street_name': 'Trantow Rapid', 'country': 'United States'}"
8848,Maricela,Wilderman,maricela.wilderman,maricela.wilderman@email.com,https://robohash.org/modiomniset.png?size=300x300&set=set1,Male,"{'city': 'Lake Desmond', 'street_name': 'Brakus Ranch', 'country': 'United States'}"
6586,Sierra,Moore,sierra.moore,sierra.moore@email.com,https://robohash.org/omnissolutain.png?size=300x300&set=set1,Genderfluid,"{'city': 'Corkeryview', 'street_name': 'Rupert Flats', 'country': 'United States'}"
8734,Margaretta,Reinger,margaretta.reinger,margaretta.reinger@email.com,https://robohash.org/accusantiumeosipsa.png?size=300x300&set=set1,Agender,"{'city': 'Lake Gusport', 'street_name': 'Dooley Mount', 'country': 'United States'}"
860,Mickey,Bartoletti,mickey.bartoletti,mickey.bartoletti@email.com,https://robohash.org/perferendisaliquamdolorem.png?size=300x300&set=set1,Non-binary,"{'city': 'Jonesbury', 'street_name': 'Simonis Expressway', 'country': 'United States'}"
8574,Jerald,MacGyver,jerald.macgyver,jerald.macgyver@email.com,https://robohash.org/quiullamsimilique.png?size=300x300&set=set1,Agender,"{'city': 'North Casimiraport', 'street_name': 'Debrah Stream', 'country': 'United States'}"
7704,Dwain,Powlowski,dwain.powlowski,dwain.powlowski@email.com,https://robohash.org/inciduntpossimusofficia.png?size=300x300&set=set1,Agender,"{'city': 'New Philhaven', 'street_name': 'Mireille Plaza', 'country': 'United States'}"
3268,Zachariah,Steuber,zachariah.steuber,zachariah.steuber@email.com,https://robohash.org/molestiaereiciendisullam.png?size=300x300&set=set1,Male,"{'city': 'Lake Delbert', 'street_name': 'Abby Brook', 'country': 'United States'}"
3457,Tami,Emmerich,tami.emmerich,tami.emmerich@email.com,https://robohash.org/nonvelitqui.png?size=300x300&set=set1,Bigender,"{'city': 'Sabineshire', 'street_name': 'Jill Vista', 'country': 'United States'}"
9614,Magali,Rempel,magali.rempel,magali.rempel@email.com,https://robohash.org/nonprovidentvoluptatum.png?size=300x300&set=set1,Genderqueer,"{'city': 'Kreigershire', 'street_name': 'Jessie Trail', 'country': 'United States'}"
2337,Terri,Halvorson,terri.halvorson,terri.halvorson@email.com,https://robohash.org/aspernatursaepeconsequuntur.png?size=300x300&set=set1,Male,"{'city': 'Anastasiachester', 'street_name': 'Jerde Island', 'country': 'United States'}"
3194,Arletta,Doyle,arletta.doyle,arletta.doyle@email.com,https://robohash.org/doloremquenonfacilis.png?size=300x300&set=set1,Female,"{'city': 'Lake Whitneychester', 'street_name': 'Kshlerin Fields', 'country': 'United States'}"
9020,Cathern,Ward,cathern.ward,cathern.ward@email.com,https://robohash.org/eamolestiaesunt.png?size=300x300&set=set1,Agender,"{'city': 'Beerport', 'street_name': 'Lueilwitz Shoal', 'country': 'United States'}"
2804,Jc,Leannon,jc.leannon,jc.leannon@email.com,https://robohash.org/eosiustovitae.png?size=300x300&set=set1,Agender,"{'city': 'Borerview', 'street_name': 'Alexis Lakes', 'country': 'United States'}"
3611,Stevie,Stiedemann,stevie.stiedemann,stevie.stiedemann@email.com,https://robohash.org/hicveniamomnis.png?size=300x300&set=set1,Bigender,"{'city': 'East Beulah', 'street_name': 'Satterfield Highway', 'country': 'United States'}"
7785,Greta,Windler,greta.windler,greta.windler@email.com,https://robohash.org/perferendismolestiaepossimus.png?size=300x300&set=set1,Polygender,"{'city': 'Ornchester', 'street_name': 'Corkery Lights', 'country': 'United States'}"
2802,Reatha,McGlynn,reatha.mcglynn,reatha.mcglynn@email.com,https://robohash.org/estexplicabomodi.png?size=300x300&set=set1,Agender,"{'city': 'Port Josueton', 'street_name': 'Huel Place', 'country': 'United States'}"
8922,Cammie,Kshlerin,cammie.kshlerin,cammie.kshlerin@email.com,https://robohash.org/dignissimosrationevelit.png?size=300x300&set=set1,Agender,"{'city': 'Adamsburgh', 'street_name': 'Grover Fords', 'country': 'United States'}"
6084,Erwin,Block,erwin.block,erwin.block@email.com,https://robohash.org/cupiditatequissed.png?size=300x300&set=set1,Polygender,"{'city': 'Ritchieton', 'street_name': 'Daron Overpass', 'country': 'United States'}"
325,Ken,Hettinger,ken.hettinger,ken.hettinger@email.com,https://robohash.org/voluptatesvelsed.png?size=300x300&set=set1,Agender,"{'city': 'South Shawn', 'street_name': 'Golden Courts', 'country': 'United States'}"
2906,Darla,Cummerata,darla.cummerata,darla.cummerata@email.com,https://robohash.org/utassumendain.png?size=300x300&set=set1,Non-binary,"{'city': 'West Hiram', 'street_name': 'Howard Junction', 'country': 'United States'}"
4186,Luigi,Pouros,luigi.pouros,luigi.pouros@email.com,https://robohash.org/nequesuntut.png?size=300x300&set=set1,Agender,"{'city': 'Sandiview', 'street_name': 'Beier Inlet', 'country': 'United States'}"
4528,Harris,Herman,harris.herman,harris.herman@email.com,https://robohash.org/isteeumrerum.png?size=300x300&set=set1,Non-binary,"{'city': 'East Dannie', 'street_name': 'Nella Coves', 'country': 'United States'}"
4292,Tanner,Gorczany,tanner.gorczany,tanner.gorczany@email.com,https://robohash.org/itaquetemporeet.png?size=300x300&set=set1,Non-binary,"{'city': 'South Karry', 'street_name': 'David Locks', 'country': 'United States'}"
4046,Mark,Koepp,mark.koepp,mark.koepp@email.com,https://robohash.org/quomolestiaeipsa.png?size=300x300&set=set1,Male,"{'city': 'East Quintinshire', 'street_name': 'Veronica Fall', 'country': 'United States'}"
3886,Cletus,Pollich,cletus.pollich,cletus.pollich@email.com,https://robohash.org/impedittemporanisi.png?size=300x300&set=set1,Genderfluid,"{'city': 'Grettafurt', 'street_name': 'Kautzer Vista', 'country': 'United States'}"
